Professione1;Professione2;common skilz
Personale di segreteria (compiti generali);Specialisti in scienze sanitarie infermieristiche;34
Personale di segreteria (compiti generali);Addetti buste paga;63
Personale di segreteria (compiti generali);Specialisti di personale e sviluppo di carriera;55
Personale di segreteria (compiti generali);Rappresentanti di commercio;63
Personale di segreteria (compiti generali);Dirigenti delle risorse umane;55
Personale di segreteria (compiti generali);Addetti alla reception (compiti generali);56
Personale di segreteria (compiti generali);Infermieri (livello intermedio);51
Personale di segreteria (compiti generali);Tecnici meccanici;40
Personale di segreteria (compiti generali);Personale di ufficio con compiti generali;66
Personale di segreteria (compiti generali);Analisti di sistema;52
Personale di segreteria (compiti generali);Addetti alla gestione degli stock;33
Personale di segreteria (compiti generali);Tecnici delle scienze sociali;30
Personale di segreteria (compiti generali);Dirigenti nei servizi di pubblicitˆ e pubbliche relazioni;60
Personale di segreteria (compiti generali);Dirigenti nei servizi di vendita e commercializzazione;61
Personale di segreteria (compiti generali);Addetti a servizi statistici, finanziari e assicurativi;61
Personale di segreteria (compiti generali);Agenti immobiliari e amministratori;71
Personale di segreteria (compiti generali);Segretari addetti a mansioni amministrative ed esecutive;61
Personale di segreteria (compiti generali);Sviluppatori di software;39
Personale di segreteria (compiti generali);Dirigenti dell'industria manifatturiera;63
Personale di segreteria (compiti generali);Addetti alla gestione amministrativa dei trasporti;45
Personale di segreteria (compiti generali);Tecnici per la gestione dell'informazione e della comunicazione;62
Personale di segreteria (compiti generali);Disegnatori industriali;48
Personale di segreteria (compiti generali);Chef;34
Personale di segreteria (compiti generali);Responsabili degli acquisti;67
Personale di segreteria (compiti generali);Tecnici per l'assistenza agli utenti della tecnologia dell'informazione e della comunicazione;54
Personale di segreteria (compiti generali);Sviluppatori Web e multimediali;45
Personale di segreteria (compiti generali);Dirigenti nel settore ricerca e sviluppo;50
Personale di segreteria (compiti generali);Dirigenti nei servizi delle tecnologie dell'informazione e della comunicazione;60
Personale di segreteria (compiti generali);Grafici e progettisti multimediali;37
Personale di segreteria (compiti generali);Specialisti della pubblicitˆ e del marketing;49
Personale di segreteria (compiti generali);Dirigenti nei servizi di approvvigionamento, distribuzione ed assimilati;60
Personale di segreteria (compiti generali);Dirigenti nei servizi finanziari;51
Personale di segreteria (compiti generali);Esattori di crediti ed assimilati;55
Personale di segreteria (compiti generali);Dirigenti nei servizi sanitari;56
Personale di segreteria (compiti generali);Specialisti nell'assistenza sociale e nell'orientamento;50
Personale di segreteria (compiti generali);Tecnici dei centri di informazione;62
Personale di segreteria (compiti generali);Aiuto contabili;65
Personale di segreteria (compiti generali);Ingegneri elettronici;34
Personale di segreteria (compiti generali);Addetti all'informazione;57
Personale di segreteria (compiti generali);Contabili;57
Personale di segreteria (compiti generali);Dirigenti nel commercio all'ingrosso e al dettaglio;65
Specialisti in scienze sanitarie infermieristiche;Addetti buste paga;39
Specialisti in scienze sanitarie infermieristiche;Specialisti di personale e sviluppo di carriera;45
Specialisti in scienze sanitarie infermieristiche;Rappresentanti di commercio;36
Specialisti in scienze sanitarie infermieristiche;Dirigenti delle risorse umane;43
Specialisti in scienze sanitarie infermieristiche;Addetti alla reception (compiti generali);39
Specialisti in scienze sanitarie infermieristiche;Infermieri (livello intermedio);48
Specialisti in scienze sanitarie infermieristiche;Tecnici meccanici;32
Specialisti in scienze sanitarie infermieristiche;Personale di ufficio con compiti generali;33
Specialisti in scienze sanitarie infermieristiche;Analisti di sistema;30
Specialisti in scienze sanitarie infermieristiche;Addetti alla gestione degli stock;26
Specialisti in scienze sanitarie infermieristiche;Tecnici delle scienze sociali;27
Specialisti in scienze sanitarie infermieristiche;Dirigenti nei servizi di pubblicitˆ e pubbliche relazioni;44
Specialisti in scienze sanitarie infermieristiche;Dirigenti nei servizi di vendita e commercializzazione;39
Specialisti in scienze sanitarie infermieristiche;Addetti a servizi statistici, finanziari e assicurativi;33
Specialisti in scienze sanitarie infermieristiche;Agenti immobiliari e amministratori;51
Specialisti in scienze sanitarie infermieristiche;Segretari addetti a mansioni amministrative ed esecutive;39
Specialisti in scienze sanitarie infermieristiche;Sviluppatori di software;29
Specialisti in scienze sanitarie infermieristiche;Dirigenti dell'industria manifatturiera;47
Specialisti in scienze sanitarie infermieristiche;Addetti alla gestione amministrativa dei trasporti;30
Specialisti in scienze sanitarie infermieristiche;Tecnici per la gestione dell'informazione e della comunicazione;42
Specialisti in scienze sanitarie infermieristiche;Disegnatori industriali;33
Specialisti in scienze sanitarie infermieristiche;Chef;34
Specialisti in scienze sanitarie infermieristiche;Responsabili degli acquisti;38
Specialisti in scienze sanitarie infermieristiche;Tecnici per l'assistenza agli utenti della tecnologia dell'informazione e della comunicazione;37
Specialisti in scienze sanitarie infermieristiche;Sviluppatori Web e multimediali;30
Specialisti in scienze sanitarie infermieristiche;Dirigenti nel settore ricerca e sviluppo;41
Specialisti in scienze sanitarie infermieristiche;Dirigenti nei servizi delle tecnologie dell'informazione e della comunicazione;39
Specialisti in scienze sanitarie infermieristiche;Grafici e progettisti multimediali;32
Specialisti in scienze sanitarie infermieristiche;Specialisti della pubblicitˆ e del marketing;31
Specialisti in scienze sanitarie infermieristiche;Dirigenti nei servizi di approvvigionamento, distribuzione ed assimilati;44
Specialisti in scienze sanitarie infermieristiche;Dirigenti nei servizi finanziari;35
Specialisti in scienze sanitarie infermieristiche;Esattori di crediti ed assimilati;31
Specialisti in scienze sanitarie infermieristiche;Dirigenti nei servizi sanitari;54
Specialisti in scienze sanitarie infermieristiche;Specialisti nell'assistenza sociale e nell'orientamento;44
Specialisti in scienze sanitarie infermieristiche;Tecnici dei centri di informazione;39
Specialisti in scienze sanitarie infermieristiche;Aiuto contabili;32
Specialisti in scienze sanitarie infermieristiche;Ingegneri elettronici;29
Specialisti in scienze sanitarie infermieristiche;Addetti all'informazione;34
Specialisti in scienze sanitarie infermieristiche;Contabili;41
Specialisti in scienze sanitarie infermieristiche;Dirigenti nel commercio all'ingrosso e al dettaglio;43
Addetti buste paga;Specialisti di personale e sviluppo di carriera;67
Addetti buste paga;Rappresentanti di commercio;73
Addetti buste paga;Dirigenti delle risorse umane;76
Addetti buste paga;Addetti alla reception (compiti generali);59
Addetti buste paga;Infermieri (livello intermedio);60
Addetti buste paga;Tecnici meccanici;53
Addetti buste paga;Personale di ufficio con compiti generali;59
Addetti buste paga;Analisti di sistema;56
Addetti buste paga;Addetti alla gestione degli stock;32
Addetti buste paga;Tecnici delle scienze sociali;43
Addetti buste paga;Dirigenti nei servizi di pubblicitˆ e pubbliche relazioni;82
Addetti buste paga;Dirigenti nei servizi di vendita e commercializzazione;70
Addetti buste paga;Addetti a servizi statistici, finanziari e assicurativi;68
Addetti buste paga;Agenti immobiliari e amministratori;83
Addetti buste paga;Segretari addetti a mansioni amministrative ed esecutive;67
Addetti buste paga;Sviluppatori di software;41
Addetti buste paga;Dirigenti dell'industria manifatturiera;71
Addetti buste paga;Addetti alla gestione amministrativa dei trasporti;66
Addetti buste paga;Tecnici per la gestione dell'informazione e della comunicazione;73
Addetti buste paga;Disegnatori industriali;57
Addetti buste paga;Chef;34
Addetti buste paga;Responsabili degli acquisti;81
Addetti buste paga;Tecnici per l'assistenza agli utenti della tecnologia dell'informazione e della comunicazione;53
Addetti buste paga;Sviluppatori Web e multimediali;55
Addetti buste paga;Dirigenti nel settore ricerca e sviluppo;63
Addetti buste paga;Dirigenti nei servizi delle tecnologie dell'informazione e della comunicazione;63
Addetti buste paga;Grafici e progettisti multimediali;47
Addetti buste paga;Specialisti della pubblicitˆ e del marketing;56
Addetti buste paga;Dirigenti nei servizi di approvvigionamento, distribuzione ed assimilati;69
Addetti buste paga;Dirigenti nei servizi finanziari;64
Addetti buste paga;Esattori di crediti ed assimilati;71
Addetti buste paga;Dirigenti nei servizi sanitari;74
Addetti buste paga;Specialisti nell'assistenza sociale e nell'orientamento;55
Addetti buste paga;Tecnici dei centri di informazione;70
Addetti buste paga;Aiuto contabili;67
Addetti buste paga;Ingegneri elettronici;43
Addetti buste paga;Addetti all'informazione;52
Addetti buste paga;Contabili;72
Addetti buste paga;Dirigenti nel commercio all'ingrosso e al dettaglio;77
Specialisti di personale e sviluppo di carriera;Rappresentanti di commercio;80
Specialisti di personale e sviluppo di carriera;Dirigenti delle risorse umane;77
Specialisti di personale e sviluppo di carriera;Addetti alla reception (compiti generali);47
Specialisti di personale e sviluppo di carriera;Infermieri (livello intermedio);58
Specialisti di personale e sviluppo di carriera;Tecnici meccanici;51
Specialisti di personale e sviluppo di carriera;Personale di ufficio con compiti generali;54
Specialisti di personale e sviluppo di carriera;Analisti di sistema;65
Specialisti di personale e sviluppo di carriera;Addetti alla gestione degli stock;29
Specialisti di personale e sviluppo di carriera;Tecnici delle scienze sociali;34
Specialisti di personale e sviluppo di carriera;Dirigenti nei servizi di pubblicitˆ e pubbliche relazioni;79
Specialisti di personale e sviluppo di carriera;Dirigenti nei servizi di vendita e commercializzazione;79
Specialisti di personale e sviluppo di carriera;Addetti a servizi statistici, finanziari e assicurativi;60
Specialisti di personale e sviluppo di carriera;Agenti immobiliari e amministratori;78
Specialisti di personale e sviluppo di carriera;Segretari addetti a mansioni amministrative ed esecutive;67
Specialisti di personale e sviluppo di carriera;Sviluppatori di software;54
Specialisti di personale e sviluppo di carriera;Dirigenti dell'industria manifatturiera;73
Specialisti di personale e sviluppo di carriera;Addetti alla gestione amministrativa dei trasporti;46
Specialisti di personale e sviluppo di carriera;Tecnici per la gestione dell'informazione e della comunicazione;63
Specialisti di personale e sviluppo di carriera;Disegnatori industriali;54
Specialisti di personale e sviluppo di carriera;Chef;41
Specialisti di personale e sviluppo di carriera;Responsabili degli acquisti;72
Specialisti di personale e sviluppo di carriera;Tecnici per l'assistenza agli utenti della tecnologia dell'informazione e della comunicazione;54
Specialisti di personale e sviluppo di carriera;Sviluppatori Web e multimediali;56
Specialisti di personale e sviluppo di carriera;Dirigenti nel settore ricerca e sviluppo;77
Specialisti di personale e sviluppo di carriera;Dirigenti nei servizi delle tecnologie dell'informazione e della comunicazione;71
Specialisti di personale e sviluppo di carriera;Grafici e progettisti multimediali;50
Specialisti di personale e sviluppo di carriera;Specialisti della pubblicitˆ e del marketing;67
Specialisti di personale e sviluppo di carriera;Dirigenti nei servizi di approvvigionamento, distribuzione ed assimilati;75
Specialisti di personale e sviluppo di carriera;Dirigenti nei servizi finanziari;71
Specialisti di personale e sviluppo di carriera;Esattori di crediti ed assimilati;51
Specialisti di personale e sviluppo di carriera;Dirigenti nei servizi sanitari;70
Specialisti di personale e sviluppo di carriera;Specialisti nell'assistenza sociale e nell'orientamento;60
Specialisti di personale e sviluppo di carriera;Tecnici dei centri di informazione;60
Specialisti di personale e sviluppo di carriera;Aiuto contabili;53
Specialisti di personale e sviluppo di carriera;Ingegneri elettronici;45
Specialisti di personale e sviluppo di carriera;Addetti all'informazione;50
Specialisti di personale e sviluppo di carriera;Contabili;83
Specialisti di personale e sviluppo di carriera;Dirigenti nel commercio all'ingrosso e al dettaglio;84
Rappresentanti di commercio;Dirigenti delle risorse umane;80
Rappresentanti di commercio;Addetti alla reception (compiti generali);55
Rappresentanti di commercio;Infermieri (livello intermedio);66
Rappresentanti di commercio;Tecnici meccanici;54
Rappresentanti di commercio;Personale di ufficio con compiti generali;64
Rappresentanti di commercio;Analisti di sistema;70
Rappresentanti di commercio;Addetti alla gestione degli stock;29
Rappresentanti di commercio;Tecnici delle scienze sociali;38
Rappresentanti di commercio;Dirigenti nei servizi di pubblicitˆ e pubbliche relazioni;99
Rappresentanti di commercio;Dirigenti nei servizi di vendita e commercializzazione;111
Rappresentanti di commercio;Addetti a servizi statistici, finanziari e assicurativi;76
Rappresentanti di commercio;Agenti immobiliari e amministratori;104
Rappresentanti di commercio;Segretari addetti a mansioni amministrative ed esecutive;78
Rappresentanti di commercio;Sviluppatori di software;59
Rappresentanti di commercio;Dirigenti dell'industria manifatturiera;80
Rappresentanti di commercio;Addetti alla gestione amministrativa dei trasporti;55
Rappresentanti di commercio;Tecnici per la gestione dell'informazione e della comunicazione;75
Rappresentanti di commercio;Disegnatori industriali;63
Rappresentanti di commercio;Chef;44
Rappresentanti di commercio;Responsabili degli acquisti;103
Rappresentanti di commercio;Tecnici per l'assistenza agli utenti della tecnologia dell'informazione e della comunicazione;63
Rappresentanti di commercio;Sviluppatori Web e multimediali;63
Rappresentanti di commercio;Dirigenti nel settore ricerca e sviluppo;79
Rappresentanti di commercio;Dirigenti nei servizi delle tecnologie dell'informazione e della comunicazione;81
Rappresentanti di commercio;Grafici e progettisti multimediali;57
Rappresentanti di commercio;Specialisti della pubblicitˆ e del marketing;89
Rappresentanti di commercio;Dirigenti nei servizi di approvvigionamento, distribuzione ed assimilati;89
Rappresentanti di commercio;Dirigenti nei servizi finanziari;76
Rappresentanti di commercio;Esattori di crediti ed assimilati;53
Rappresentanti di commercio;Dirigenti nei servizi sanitari;70
Rappresentanti di commercio;Specialisti nell'assistenza sociale e nell'orientamento;59
Rappresentanti di commercio;Tecnici dei centri di informazione;72
Rappresentanti di commercio;Aiuto contabili;67
Rappresentanti di commercio;Ingegneri elettronici;50
Rappresentanti di commercio;Addetti all'informazione;56
Rappresentanti di commercio;Contabili;85
Rappresentanti di commercio;Dirigenti nel commercio all'ingrosso e al dettaglio;106
Dirigenti delle risorse umane;Addetti alla reception (compiti generali);53
Dirigenti delle risorse umane;Infermieri (livello intermedio);59
Dirigenti delle risorse umane;Tecnici meccanici;55
Dirigenti delle risorse umane;Personale di ufficio con compiti generali;54
Dirigenti delle risorse umane;Analisti di sistema;65
Dirigenti delle risorse umane;Addetti alla gestione degli stock;30
Dirigenti delle risorse umane;Tecnici delle scienze sociali;33
Dirigenti delle risorse umane;Dirigenti nei servizi di pubblicitˆ e pubbliche relazioni;95
Dirigenti delle risorse umane;Dirigenti nei servizi di vendita e commercializzazione;83
Dirigenti delle risorse umane;Addetti a servizi statistici, finanziari e assicurativi;61
Dirigenti delle risorse umane;Agenti immobiliari e amministratori;81
Dirigenti delle risorse umane;Segretari addetti a mansioni amministrative ed esecutive;67
Dirigenti delle risorse umane;Sviluppatori di software;56
Dirigenti delle risorse umane;Dirigenti dell'industria manifatturiera;86
Dirigenti delle risorse umane;Addetti alla gestione amministrativa dei trasporti;55
Dirigenti delle risorse umane;Tecnici per la gestione dell'informazione e della comunicazione;65
Dirigenti delle risorse umane;Disegnatori industriali;56
Dirigenti delle risorse umane;Chef;42
Dirigenti delle risorse umane;Responsabili degli acquisti;70
Dirigenti delle risorse umane;Tecnici per l'assistenza agli utenti della tecnologia dell'informazione e della comunicazione;52
Dirigenti delle risorse umane;Sviluppatori Web e multimediali;58
Dirigenti delle risorse umane;Dirigenti nel settore ricerca e sviluppo;82
Dirigenti delle risorse umane;Dirigenti nei servizi delle tecnologie dell'informazione e della comunicazione;75
Dirigenti delle risorse umane;Grafici e progettisti multimediali;53
Dirigenti delle risorse umane;Specialisti della pubblicitˆ e del marketing;62
Dirigenti delle risorse umane;Dirigenti nei servizi di approvvigionamento, distribuzione ed assimilati;87
Dirigenti delle risorse umane;Dirigenti nei servizi finanziari;79
Dirigenti delle risorse umane;Esattori di crediti ed assimilati;54
Dirigenti delle risorse umane;Dirigenti nei servizi sanitari;85
Dirigenti delle risorse umane;Specialisti nell'assistenza sociale e nell'orientamento;59
Dirigenti delle risorse umane;Tecnici dei centri di informazione;66
Dirigenti delle risorse umane;Aiuto contabili;54
Dirigenti delle risorse umane;Ingegneri elettronici;47
Dirigenti delle risorse umane;Addetti all'informazione;49
Dirigenti delle risorse umane;Contabili;73
Dirigenti delle risorse umane;Dirigenti nel commercio all'ingrosso e al dettaglio;88
Addetti alla reception (compiti generali);Infermieri (livello intermedio);48
Addetti alla reception (compiti generali);Tecnici meccanici;34
Addetti alla reception (compiti generali);Personale di ufficio con compiti generali;51
Addetti alla reception (compiti generali);Analisti di sistema;43
Addetti alla reception (compiti generali);Addetti alla gestione degli stock;30
Addetti alla reception (compiti generali);Tecnici delle scienze sociali;34
Addetti alla reception (compiti generali);Dirigenti nei servizi di pubblicitˆ e pubbliche relazioni;59
Addetti alla reception (compiti generali);Dirigenti nei servizi di vendita e commercializzazione;53
Addetti alla reception (compiti generali);Addetti a servizi statistici, finanziari e assicurativi;49
Addetti alla reception (compiti generali);Agenti immobiliari e amministratori;68
Addetti alla reception (compiti generali);Segretari addetti a mansioni amministrative ed esecutive;54
Addetti alla reception (compiti generali);Sviluppatori di software;35
Addetti alla reception (compiti generali);Dirigenti dell'industria manifatturiera;56
Addetti alla reception (compiti generali);Addetti alla gestione amministrativa dei trasporti;44
Addetti alla reception (compiti generali);Tecnici per la gestione dell'informazione e della comunicazione;59
Addetti alla reception (compiti generali);Disegnatori industriali;44
Addetti alla reception (compiti generali);Chef;31
Addetti alla reception (compiti generali);Responsabili degli acquisti;55
Addetti alla reception (compiti generali);Tecnici per l'assistenza agli utenti della tecnologia dell'informazione e della comunicazione;45
Addetti alla reception (compiti generali);Sviluppatori Web e multimediali;39
Addetti alla reception (compiti generali);Dirigenti nel settore ricerca e sviluppo;46
Addetti alla reception (compiti generali);Dirigenti nei servizi delle tecnologie dell'informazione e della comunicazione;48
Addetti alla reception (compiti generali);Grafici e progettisti multimediali;39
Addetti alla reception (compiti generali);Specialisti della pubblicitˆ e del marketing;42
Addetti alla reception (compiti generali);Dirigenti nei servizi di approvvigionamento, distribuzione ed assimilati;49
Addetti alla reception (compiti generali);Dirigenti nei servizi finanziari;41
Addetti alla reception (compiti generali);Esattori di crediti ed assimilati;47
Addetti alla reception (compiti generali);Dirigenti nei servizi sanitari;53
Addetti alla reception (compiti generali);Specialisti nell'assistenza sociale e nell'orientamento;49
Addetti alla reception (compiti generali);Tecnici dei centri di informazione;62
Addetti alla reception (compiti generali);Aiuto contabili;54
Addetti alla reception (compiti generali);Ingegneri elettronici;31
Addetti alla reception (compiti generali);Addetti all'informazione;54
Addetti alla reception (compiti generali);Contabili;46
Addetti alla reception (compiti generali);Dirigenti nel commercio all'ingrosso e al dettaglio;54
Infermieri (livello intermedio);Tecnici meccanici;47
Infermieri (livello intermedio);Personale di ufficio con compiti generali;47
Infermieri (livello intermedio);Analisti di sistema;56
Infermieri (livello intermedio);Addetti alla gestione degli stock;29
Infermieri (livello intermedio);Tecnici delle scienze sociali;38
Infermieri (livello intermedio);Dirigenti nei servizi di pubblicitˆ e pubbliche relazioni;66
Infermieri (livello intermedio);Dirigenti nei servizi di vendita e commercializzazione;63
Infermieri (livello intermedio);Addetti a servizi statistici, finanziari e assicurativi;52
Infermieri (livello intermedio);Agenti immobiliari e amministratori;69
Infermieri (livello intermedio);Segretari addetti a mansioni amministrative ed esecutive;52
Infermieri (livello intermedio);Sviluppatori di software;44
Infermieri (livello intermedio);Dirigenti dell'industria manifatturiera;63
Infermieri (livello intermedio);Addetti alla gestione amministrativa dei trasporti;46
Infermieri (livello intermedio);Tecnici per la gestione dell'informazione e della comunicazione;56
Infermieri (livello intermedio);Disegnatori industriali;49
Infermieri (livello intermedio);Chef;39
Infermieri (livello intermedio);Responsabili degli acquisti;62
Infermieri (livello intermedio);Tecnici per l'assistenza agli utenti della tecnologia dell'informazione e della comunicazione;49
Infermieri (livello intermedio);Sviluppatori Web e multimediali;50
Infermieri (livello intermedio);Dirigenti nel settore ricerca e sviluppo;64
Infermieri (livello intermedio);Dirigenti nei servizi delle tecnologie dell'informazione e della comunicazione;57
Infermieri (livello intermedio);Grafici e progettisti multimediali;43
Infermieri (livello intermedio);Specialisti della pubblicitˆ e del marketing;49
Infermieri (livello intermedio);Dirigenti nei servizi di approvvigionamento, distribuzione ed assimilati;62
Infermieri (livello intermedio);Dirigenti nei servizi finanziari;50
Infermieri (livello intermedio);Esattori di crediti ed assimilati;51
Infermieri (livello intermedio);Dirigenti nei servizi sanitari;65
Infermieri (livello intermedio);Specialisti nell'assistenza sociale e nell'orientamento;58
Infermieri (livello intermedio);Tecnici dei centri di informazione;59
Infermieri (livello intermedio);Aiuto contabili;45
Infermieri (livello intermedio);Ingegneri elettronici;39
Infermieri (livello intermedio);Addetti all'informazione;51
Infermieri (livello intermedio);Contabili;55
Infermieri (livello intermedio);Dirigenti nel commercio all'ingrosso e al dettaglio;66
Tecnici meccanici;Personale di ufficio con compiti generali;39
Tecnici meccanici;Analisti di sistema;53
Tecnici meccanici;Addetti alla gestione degli stock;28
Tecnici meccanici;Tecnici delle scienze sociali;28
Tecnici meccanici;Dirigenti nei servizi di pubblicitˆ e pubbliche relazioni;57
Tecnici meccanici;Dirigenti nei servizi di vendita e commercializzazione;51
Tecnici meccanici;Addetti a servizi statistici, finanziari e assicurativi;39
Tecnici meccanici;Agenti immobiliari e amministratori;58
Tecnici meccanici;Segretari addetti a mansioni amministrative ed esecutive;45
Tecnici meccanici;Sviluppatori di software;44
Tecnici meccanici;Dirigenti dell'industria manifatturiera;69
Tecnici meccanici;Addetti alla gestione amministrativa dei trasporti;48
Tecnici meccanici;Tecnici per la gestione dell'informazione e della comunicazione;60
Tecnici meccanici;Disegnatori industriali;64
Tecnici meccanici;Chef;33
Tecnici meccanici;Responsabili degli acquisti;61
Tecnici meccanici;Tecnici per l'assistenza agli utenti della tecnologia dell'informazione e della comunicazione;51
Tecnici meccanici;Sviluppatori Web e multimediali;53
Tecnici meccanici;Dirigenti nel settore ricerca e sviluppo;58
Tecnici meccanici;Dirigenti nei servizi delle tecnologie dell'informazione e della comunicazione;57
Tecnici meccanici;Grafici e progettisti multimediali;43
Tecnici meccanici;Specialisti della pubblicitˆ e del marketing;38
Tecnici meccanici;Dirigenti nei servizi di approvvigionamento, distribuzione ed assimilati;54
Tecnici meccanici;Dirigenti nei servizi finanziari;44
Tecnici meccanici;Esattori di crediti ed assimilati;36
Tecnici meccanici;Dirigenti nei servizi sanitari;56
Tecnici meccanici;Specialisti nell'assistenza sociale e nell'orientamento;36
Tecnici meccanici;Tecnici dei centri di informazione;49
Tecnici meccanici;Aiuto contabili;36
Tecnici meccanici;Ingegneri elettronici;51
Tecnici meccanici;Addetti all'informazione;37
Tecnici meccanici;Contabili;49
Tecnici meccanici;Dirigenti nel commercio all'ingrosso e al dettaglio;53
Personale di ufficio con compiti generali;Analisti di sistema;50
Personale di ufficio con compiti generali;Addetti alla gestione degli stock;34
Personale di ufficio con compiti generali;Tecnici delle scienze sociali;31
Personale di ufficio con compiti generali;Dirigenti nei servizi di pubblicitˆ e pubbliche relazioni;59
Personale di ufficio con compiti generali;Dirigenti nei servizi di vendita e commercializzazione;58
Personale di ufficio con compiti generali;Addetti a servizi statistici, finanziari e assicurativi;55
Personale di ufficio con compiti generali;Agenti immobiliari e amministratori;63
Personale di ufficio con compiti generali;Segretari addetti a mansioni amministrative ed esecutive;62
Personale di ufficio con compiti generali;Sviluppatori di software;45
Personale di ufficio con compiti generali;Dirigenti dell'industria manifatturiera;61
Personale di ufficio con compiti generali;Addetti alla gestione amministrativa dei trasporti;48
Personale di ufficio con compiti generali;Tecnici per la gestione dell'informazione e della comunicazione;60
Personale di ufficio con compiti generali;Disegnatori industriali;47
Personale di ufficio con compiti generali;Chef;32
Personale di ufficio con compiti generali;Responsabili degli acquisti;69
Personale di ufficio con compiti generali;Tecnici per l'assistenza agli utenti della tecnologia dell'informazione e della comunicazione;53
Personale di ufficio con compiti generali;Sviluppatori Web e multimediali;47
Personale di ufficio con compiti generali;Dirigenti nel settore ricerca e sviluppo;48
Personale di ufficio con compiti generali;Dirigenti nei servizi delle tecnologie dell'informazione e della comunicazione;54
Personale di ufficio con compiti generali;Grafici e progettisti multimediali;38
Personale di ufficio con compiti generali;Specialisti della pubblicitˆ e del marketing;47
Personale di ufficio con compiti generali;Dirigenti nei servizi di approvvigionamento, distribuzione ed assimilati;58
Personale di ufficio con compiti generali;Dirigenti nei servizi finanziari;51
Personale di ufficio con compiti generali;Esattori di crediti ed assimilati;50
Personale di ufficio con compiti generali;Dirigenti nei servizi sanitari;54
Personale di ufficio con compiti generali;Specialisti nell'assistenza sociale e nell'orientamento;45
Personale di ufficio con compiti generali;Tecnici dei centri di informazione;56
Personale di ufficio con compiti generali;Aiuto contabili;61
Personale di ufficio con compiti generali;Ingegneri elettronici;37
Personale di ufficio con compiti generali;Addetti all'informazione;52
Personale di ufficio con compiti generali;Contabili;57
Personale di ufficio con compiti generali;Dirigenti nel commercio all'ingrosso e al dettaglio;60
Analisti di sistema;Addetti alla gestione degli stock;24
Analisti di sistema;Tecnici delle scienze sociali;31
Analisti di sistema;Dirigenti nei servizi di pubblicitˆ e pubbliche relazioni;69
Analisti di sistema;Dirigenti nei servizi di vendita e commercializzazione;70
Analisti di sistema;Addetti a servizi statistici, finanziari e assicurativi;57
Analisti di sistema;Agenti immobiliari e amministratori;66
Analisti di sistema;Segretari addetti a mansioni amministrative ed esecutive;58
Analisti di sistema;Sviluppatori di software;89
Analisti di sistema;Dirigenti dell'industria manifatturiera;62
Analisti di sistema;Addetti alla gestione amministrativa dei trasporti;38
Analisti di sistema;Tecnici per la gestione dell'informazione e della comunicazione;71
Analisti di sistema;Disegnatori industriali;56
Analisti di sistema;Chef;38
Analisti di sistema;Responsabili degli acquisti;68
Analisti di sistema;Tecnici per l'assistenza agli utenti della tecnologia dell'informazione e della comunicazione;65
Analisti di sistema;Sviluppatori Web e multimediali;88
Analisti di sistema;Dirigenti nel settore ricerca e sviluppo;74
Analisti di sistema;Dirigenti nei servizi delle tecnologie dell'informazione e della comunicazione;86
Analisti di sistema;Grafici e progettisti multimediali;58
Analisti di sistema;Specialisti della pubblicitˆ e del marketing;62
Analisti di sistema;Dirigenti nei servizi di approvvigionamento, distribuzione ed assimilati;69
Analisti di sistema;Dirigenti nei servizi finanziari;63
Analisti di sistema;Esattori di crediti ed assimilati;43
Analisti di sistema;Dirigenti nei servizi sanitari;50
Analisti di sistema;Specialisti nell'assistenza sociale e nell'orientamento;53
Analisti di sistema;Tecnici dei centri di informazione;57
Analisti di sistema;Aiuto contabili;46
Analisti di sistema;Ingegneri elettronici;50
Analisti di sistema;Addetti all'informazione;46
Analisti di sistema;Contabili;74
Analisti di sistema;Dirigenti nel commercio all'ingrosso e al dettaglio;75
Addetti alla gestione degli stock;Tecnici delle scienze sociali;18
Addetti alla gestione degli stock;Dirigenti nei servizi di pubblicitˆ e pubbliche relazioni;34
Addetti alla gestione degli stock;Dirigenti nei servizi di vendita e commercializzazione;28
Addetti alla gestione degli stock;Addetti a servizi statistici, finanziari e assicurativi;26
Addetti alla gestione degli stock;Agenti immobiliari e amministratori;35
Addetti alla gestione degli stock;Segretari addetti a mansioni amministrative ed esecutive;33
Addetti alla gestione degli stock;Sviluppatori di software;26
Addetti alla gestione degli stock;Dirigenti dell'industria manifatturiera;36
Addetti alla gestione degli stock;Addetti alla gestione amministrativa dei trasporti;32
Addetti alla gestione degli stock;Tecnici per la gestione dell'informazione e della comunicazione;37
Addetti alla gestione degli stock;Disegnatori industriali;28
Addetti alla gestione degli stock;Chef;25
Addetti alla gestione degli stock;Responsabili degli acquisti;34
Addetti alla gestione degli stock;Tecnici per l'assistenza agli utenti della tecnologia dell'informazione e della comunicazione;31
Addetti alla gestione degli stock;Sviluppatori Web e multimediali;23
Addetti alla gestione degli stock;Dirigenti nel settore ricerca e sviluppo;28
Addetti alla gestione degli stock;Dirigenti nei servizi delle tecnologie dell'informazione e della comunicazione;27
Addetti alla gestione degli stock;Grafici e progettisti multimediali;22
Addetti alla gestione degli stock;Specialisti della pubblicitˆ e del marketing;25
Addetti alla gestione degli stock;Dirigenti nei servizi di approvvigionamento, distribuzione ed assimilati;33
Addetti alla gestione degli stock;Dirigenti nei servizi finanziari;27
Addetti alla gestione degli stock;Esattori di crediti ed assimilati;26
Addetti alla gestione degli stock;Dirigenti nei servizi sanitari;31
Addetti alla gestione degli stock;Specialisti nell'assistenza sociale e nell'orientamento;26
Addetti alla gestione degli stock;Tecnici dei centri di informazione;33
Addetti alla gestione degli stock;Aiuto contabili;28
Addetti alla gestione degli stock;Ingegneri elettronici;23
Addetti alla gestione degli stock;Addetti all'informazione;31
Addetti alla gestione degli stock;Contabili;27
Addetti alla gestione degli stock;Dirigenti nel commercio all'ingrosso e al dettaglio;30
Tecnici delle scienze sociali;Dirigenti nei servizi di pubblicitˆ e pubbliche relazioni;44
Tecnici delle scienze sociali;Dirigenti nei servizi di vendita e commercializzazione;37
Tecnici delle scienze sociali;Addetti a servizi statistici, finanziari e assicurativi;32
Tecnici delle scienze sociali;Agenti immobiliari e amministratori;44
Tecnici delle scienze sociali;Segretari addetti a mansioni amministrative ed esecutive;30
Tecnici delle scienze sociali;Sviluppatori di software;22
Tecnici delle scienze sociali;Dirigenti dell'industria manifatturiera;37
Tecnici delle scienze sociali;Addetti alla gestione amministrativa dei trasporti;28
Tecnici delle scienze sociali;Tecnici per la gestione dell'informazione e della comunicazione;41
Tecnici delle scienze sociali;Disegnatori industriali;28
Tecnici delle scienze sociali;Chef;22
Tecnici delle scienze sociali;Responsabili degli acquisti;39
Tecnici delle scienze sociali;Tecnici per l'assistenza agli utenti della tecnologia dell'informazione e della comunicazione;26
Tecnici delle scienze sociali;Sviluppatori Web e multimediali;29
Tecnici delle scienze sociali;Dirigenti nel settore ricerca e sviluppo;37
Tecnici delle scienze sociali;Dirigenti nei servizi delle tecnologie dell'informazione e della comunicazione;36
Tecnici delle scienze sociali;Grafici e progettisti multimediali;32
Tecnici delle scienze sociali;Specialisti della pubblicitˆ e del marketing;29
Tecnici delle scienze sociali;Dirigenti nei servizi di approvvigionamento, distribuzione ed assimilati;37
Tecnici delle scienze sociali;Dirigenti nei servizi finanziari;31
Tecnici delle scienze sociali;Esattori di crediti ed assimilati;30
Tecnici delle scienze sociali;Dirigenti nei servizi sanitari;39
Tecnici delle scienze sociali;Specialisti nell'assistenza sociale e nell'orientamento;39
Tecnici delle scienze sociali;Tecnici dei centri di informazione;37
Tecnici delle scienze sociali;Aiuto contabili;27
Tecnici delle scienze sociali;Ingegneri elettronici;23
Tecnici delle scienze sociali;Addetti all'informazione;28
Tecnici delle scienze sociali;Contabili;33
Tecnici delle scienze sociali;Dirigenti nel commercio all'ingrosso e al dettaglio;40
Dirigenti nei servizi di pubblicitˆ e pubbliche relazioni;Dirigenti nei servizi di vendita e commercializzazione;98
Dirigenti nei servizi di pubblicitˆ e pubbliche relazioni;Addetti a servizi statistici, finanziari e assicurativi;69
Dirigenti nei servizi di pubblicitˆ e pubbliche relazioni;Agenti immobiliari e amministratori;92
Dirigenti nei servizi di pubblicitˆ e pubbliche relazioni;Segretari addetti a mansioni amministrative ed esecutive;69
Dirigenti nei servizi di pubblicitˆ e pubbliche relazioni;Sviluppatori di software;61
Dirigenti nei servizi di pubblicitˆ e pubbliche relazioni;Dirigenti dell'industria manifatturiera;88
Dirigenti nei servizi di pubblicitˆ e pubbliche relazioni;Addetti alla gestione amministrativa dei trasporti;59
Dirigenti nei servizi di pubblicitˆ e pubbliche relazioni;Tecnici per la gestione dell'informazione e della comunicazione;81
Dirigenti nei servizi di pubblicitˆ e pubbliche relazioni;Disegnatori industriali;63
Dirigenti nei servizi di pubblicitˆ e pubbliche relazioni;Chef;49
Dirigenti nei servizi di pubblicitˆ e pubbliche relazioni;Responsabili degli acquisti;86
Dirigenti nei servizi di pubblicitˆ e pubbliche relazioni;Tecnici per l'assistenza agli utenti della tecnologia dell'informazione e della comunicazione;60
Dirigenti nei servizi di pubblicitˆ e pubbliche relazioni;Sviluppatori Web e multimediali;68
Dirigenti nei servizi di pubblicitˆ e pubbliche relazioni;Dirigenti nel settore ricerca e sviluppo;82
Dirigenti nei servizi di pubblicitˆ e pubbliche relazioni;Dirigenti nei servizi delle tecnologie dell'informazione e della comunicazione;80
Dirigenti nei servizi di pubblicitˆ e pubbliche relazioni;Grafici e progettisti multimediali;62
Dirigenti nei servizi di pubblicitˆ e pubbliche relazioni;Specialisti della pubblicitˆ e del marketing;76
Dirigenti nei servizi di pubblicitˆ e pubbliche relazioni;Dirigenti nei servizi di approvvigionamento, distribuzione ed assimilati;86
Dirigenti nei servizi di pubblicitˆ e pubbliche relazioni;Dirigenti nei servizi finanziari;76
Dirigenti nei servizi di pubblicitˆ e pubbliche relazioni;Esattori di crediti ed assimilati;57
Dirigenti nei servizi di pubblicitˆ e pubbliche relazioni;Dirigenti nei servizi sanitari;85
Dirigenti nei servizi di pubblicitˆ e pubbliche relazioni;Specialisti nell'assistenza sociale e nell'orientamento;61
Dirigenti nei servizi di pubblicitˆ e pubbliche relazioni;Tecnici dei centri di informazione;73
Dirigenti nei servizi di pubblicitˆ e pubbliche relazioni;Aiuto contabili;59
Dirigenti nei servizi di pubblicitˆ e pubbliche relazioni;Ingegneri elettronici;53
Dirigenti nei servizi di pubblicitˆ e pubbliche relazioni;Addetti all'informazione;54
Dirigenti nei servizi di pubblicitˆ e pubbliche relazioni;Contabili;77
Dirigenti nei servizi di pubblicitˆ e pubbliche relazioni;Dirigenti nel commercio all'ingrosso e al dettaglio;99
Dirigenti nei servizi di vendita e commercializzazione;Addetti a servizi statistici, finanziari e assicurativi;74
Dirigenti nei servizi di vendita e commercializzazione;Agenti immobiliari e amministratori;97
Dirigenti nei servizi di vendita e commercializzazione;Segretari addetti a mansioni amministrative ed esecutive;72
Dirigenti nei servizi di vendita e commercializzazione;Sviluppatori di software;60
Dirigenti nei servizi di vendita e commercializzazione;Dirigenti dell'industria manifatturiera;83
Dirigenti nei servizi di vendita e commercializzazione;Addetti alla gestione amministrativa dei trasporti;45
Dirigenti nei servizi di vendita e commercializzazione;Tecnici per la gestione dell'informazione e della comunicazione;64
Dirigenti nei servizi di vendita e commercializzazione;Disegnatori industriali;56
Dirigenti nei servizi di vendita e commercializzazione;Chef;47
Dirigenti nei servizi di vendita e commercializzazione;Responsabili degli acquisti;91
Dirigenti nei servizi di vendita e commercializzazione;Tecnici per l'assistenza agli utenti della tecnologia dell'informazione e della comunicazione;57
Dirigenti nei servizi di vendita e commercializzazione;Sviluppatori Web e multimediali;64
Dirigenti nei servizi di vendita e commercializzazione;Dirigenti nel settore ricerca e sviluppo;88
Dirigenti nei servizi di vendita e commercializzazione;Dirigenti nei servizi delle tecnologie dell'informazione e della comunicazione;86
Dirigenti nei servizi di vendita e commercializzazione;Grafici e progettisti multimediali;54
Dirigenti nei servizi di vendita e commercializzazione;Specialisti della pubblicitˆ e del marketing;88
Dirigenti nei servizi di vendita e commercializzazione;Dirigenti nei servizi di approvvigionamento, distribuzione ed assimilati;95
Dirigenti nei servizi di vendita e commercializzazione;Dirigenti nei servizi finanziari;85
Dirigenti nei servizi di vendita e commercializzazione;Esattori di crediti ed assimilati;55
Dirigenti nei servizi di vendita e commercializzazione;Dirigenti nei servizi sanitari;73
Dirigenti nei servizi di vendita e commercializzazione;Specialisti nell'assistenza sociale e nell'orientamento;59
Dirigenti nei servizi di vendita e commercializzazione;Tecnici dei centri di informazione;68
Dirigenti nei servizi di vendita e commercializzazione;Aiuto contabili;58
Dirigenti nei servizi di vendita e commercializzazione;Ingegneri elettronici;47
Dirigenti nei servizi di vendita e commercializzazione;Addetti all'informazione;52
Dirigenti nei servizi di vendita e commercializzazione;Contabili;86
Dirigenti nei servizi di vendita e commercializzazione;Dirigenti nel commercio all'ingrosso e al dettaglio;119
Addetti a servizi statistici, finanziari e assicurativi;Agenti immobiliari e amministratori;82
Addetti a servizi statistici, finanziari e assicurativi;Segretari addetti a mansioni amministrative ed esecutive;67
Addetti a servizi statistici, finanziari e assicurativi;Sviluppatori di software;41
Addetti a servizi statistici, finanziari e assicurativi;Dirigenti dell'industria manifatturiera;60
Addetti a servizi statistici, finanziari e assicurativi;Addetti alla gestione amministrativa dei trasporti;49
Addetti a servizi statistici, finanziari e assicurativi;Tecnici per la gestione dell'informazione e della comunicazione;61
Addetti a servizi statistici, finanziari e assicurativi;Disegnatori industriali;52
Addetti a servizi statistici, finanziari e assicurativi;Chef;34
Addetti a servizi statistici, finanziari e assicurativi;Responsabili degli acquisti;71
Addetti a servizi statistici, finanziari e assicurativi;Tecnici per l'assistenza agli utenti della tecnologia dell'informazione e della comunicazione;48
Addetti a servizi statistici, finanziari e assicurativi;Sviluppatori Web e multimediali;52
Addetti a servizi statistici, finanziari e assicurativi;Dirigenti nel settore ricerca e sviluppo;57
Addetti a servizi statistici, finanziari e assicurativi;Dirigenti nei servizi delle tecnologie dell'informazione e della comunicazione;57
Addetti a servizi statistici, finanziari e assicurativi;Grafici e progettisti multimediali;47
Addetti a servizi statistici, finanziari e assicurativi;Specialisti della pubblicitˆ e del marketing;57
Addetti a servizi statistici, finanziari e assicurativi;Dirigenti nei servizi di approvvigionamento, distribuzione ed assimilati;67
Addetti a servizi statistici, finanziari e assicurativi;Dirigenti nei servizi finanziari;67
Addetti a servizi statistici, finanziari e assicurativi;Esattori di crediti ed assimilati;58
Addetti a servizi statistici, finanziari e assicurativi;Dirigenti nei servizi sanitari;57
Addetti a servizi statistici, finanziari e assicurativi;Specialisti nell'assistenza sociale e nell'orientamento;47
Addetti a servizi statistici, finanziari e assicurativi;Tecnici dei centri di informazione;57
Addetti a servizi statistici, finanziari e assicurativi;Aiuto contabili;68
Addetti a servizi statistici, finanziari e assicurativi;Ingegneri elettronici;35
Addetti a servizi statistici, finanziari e assicurativi;Addetti all'informazione;48
Addetti a servizi statistici, finanziari e assicurativi;Contabili;70
Addetti a servizi statistici, finanziari e assicurativi;Dirigenti nel commercio all'ingrosso e al dettaglio;77
Agenti immobiliari e amministratori;Segretari addetti a mansioni amministrative ed esecutive;75
Agenti immobiliari e amministratori;Sviluppatori di software;52
Agenti immobiliari e amministratori;Dirigenti dell'industria manifatturiera;84
Agenti immobiliari e amministratori;Addetti alla gestione amministrativa dei trasporti;60
Agenti immobiliari e amministratori;Tecnici per la gestione dell'informazione e della comunicazione;82
Agenti immobiliari e amministratori;Disegnatori industriali;62
Agenti immobiliari e amministratori;Chef;48
Agenti immobiliari e amministratori;Responsabili degli acquisti;89
Agenti immobiliari e amministratori;Tecnici per l'assistenza agli utenti della tecnologia dell'informazione e della comunicazione;60
Agenti immobiliari e amministratori;Sviluppatori Web e multimediali;60
Agenti immobiliari e amministratori;Dirigenti nel settore ricerca e sviluppo;71
Agenti immobiliari e amministratori;Dirigenti nei servizi delle tecnologie dell'informazione e della comunicazione;76
Agenti immobiliari e amministratori;Grafici e progettisti multimediali;62
Agenti immobiliari e amministratori;Specialisti della pubblicitˆ e del marketing;82
Agenti immobiliari e amministratori;Dirigenti nei servizi di approvvigionamento, distribuzione ed assimilati;84
Agenti immobiliari e amministratori;Dirigenti nei servizi finanziari;76
Agenti immobiliari e amministratori;Esattori di crediti ed assimilati;63
Agenti immobiliari e amministratori;Dirigenti nei servizi sanitari;83
Agenti immobiliari e amministratori;Specialisti nell'assistenza sociale e nell'orientamento;64
Agenti immobiliari e amministratori;Tecnici dei centri di informazione;85
Agenti immobiliari e amministratori;Aiuto contabili;73
Agenti immobiliari e amministratori;Ingegneri elettronici;46
Agenti immobiliari e amministratori;Addetti all'informazione;63
Agenti immobiliari e amministratori;Contabili;84
Agenti immobiliari e amministratori;Dirigenti nel commercio all'ingrosso e al dettaglio;97
Segretari addetti a mansioni amministrative ed esecutive;Sviluppatori di software;48
Segretari addetti a mansioni amministrative ed esecutive;Dirigenti dell'industria manifatturiera;66
Segretari addetti a mansioni amministrative ed esecutive;Addetti alla gestione amministrativa dei trasporti;50
Segretari addetti a mansioni amministrative ed esecutive;Tecnici per la gestione dell'informazione e della comunicazione;66
Segretari addetti a mansioni amministrative ed esecutive;Disegnatori industriali;57
Segretari addetti a mansioni amministrative ed esecutive;Chef;36
Segretari addetti a mansioni amministrative ed esecutive;Responsabili degli acquisti;79
Segretari addetti a mansioni amministrative ed esecutive;Tecnici per l'assistenza agli utenti della tecnologia dell'informazione e della comunicazione;55
Segretari addetti a mansioni amministrative ed esecutive;Sviluppatori Web e multimediali;51
Segretari addetti a mansioni amministrative ed esecutive;Dirigenti nel settore ricerca e sviluppo;62
Segretari addetti a mansioni amministrative ed esecutive;Dirigenti nei servizi delle tecnologie dell'informazione e della comunicazione;64
Segretari addetti a mansioni amministrative ed esecutive;Grafici e progettisti multimediali;47
Segretari addetti a mansioni amministrative ed esecutive;Specialisti della pubblicitˆ e del marketing;56
Segretari addetti a mansioni amministrative ed esecutive;Dirigenti nei servizi di approvvigionamento, distribuzione ed assimilati;68
Segretari addetti a mansioni amministrative ed esecutive;Dirigenti nei servizi finanziari;70
Segretari addetti a mansioni amministrative ed esecutive;Esattori di crediti ed assimilati;48
Segretari addetti a mansioni amministrative ed esecutive;Dirigenti nei servizi sanitari;61
Segretari addetti a mansioni amministrative ed esecutive;Specialisti nell'assistenza sociale e nell'orientamento;52
Segretari addetti a mansioni amministrative ed esecutive;Tecnici dei centri di informazione;59
Segretari addetti a mansioni amministrative ed esecutive;Aiuto contabili;58
Segretari addetti a mansioni amministrative ed esecutive;Ingegneri elettronici;41
Segretari addetti a mansioni amministrative ed esecutive;Addetti all'informazione;54
Segretari addetti a mansioni amministrative ed esecutive;Contabili;69
Segretari addetti a mansioni amministrative ed esecutive;Dirigenti nel commercio all'ingrosso e al dettaglio;76
Sviluppatori di software;Dirigenti dell'industria manifatturiera;53
Sviluppatori di software;Addetti alla gestione amministrativa dei trasporti;31
Sviluppatori di software;Tecnici per la gestione dell'informazione e della comunicazione;61
Sviluppatori di software;Disegnatori industriali;44
Sviluppatori di software;Chef;31
Sviluppatori di software;Responsabili degli acquisti;53
Sviluppatori di software;Tecnici per l'assistenza agli utenti della tecnologia dell'informazione e della comunicazione;63
Sviluppatori di software;Sviluppatori Web e multimediali;84
Sviluppatori di software;Dirigenti nel settore ricerca e sviluppo;57
Sviluppatori di software;Dirigenti nei servizi delle tecnologie dell'informazione e della comunicazione;69
Sviluppatori di software;Grafici e progettisti multimediali;49
Sviluppatori di software;Specialisti della pubblicitˆ e del marketing;56
Sviluppatori di software;Dirigenti nei servizi di approvvigionamento, distribuzione ed assimilati;56
Sviluppatori di software;Dirigenti nei servizi finanziari;51
Sviluppatori di software;Esattori di crediti ed assimilati;32
Sviluppatori di software;Dirigenti nei servizi sanitari;42
Sviluppatori di software;Specialisti nell'assistenza sociale e nell'orientamento;43
Sviluppatori di software;Tecnici dei centri di informazione;42
Sviluppatori di software;Aiuto contabili;34
Sviluppatori di software;Ingegneri elettronici;46
Sviluppatori di software;Addetti all'informazione;35
Sviluppatori di software;Contabili;55
Sviluppatori di software;Dirigenti nel commercio all'ingrosso e al dettaglio;61
Dirigenti dell'industria manifatturiera;Addetti alla gestione amministrativa dei trasporti;59
Dirigenti dell'industria manifatturiera;Tecnici per la gestione dell'informazione e della comunicazione;73
Dirigenti dell'industria manifatturiera;Disegnatori industriali;67
Dirigenti dell'industria manifatturiera;Chef;47
Dirigenti dell'industria manifatturiera;Responsabili degli acquisti;85
Dirigenti dell'industria manifatturiera;Tecnici per l'assistenza agli utenti della tecnologia dell'informazione e della comunicazione;59
Dirigenti dell'industria manifatturiera;Sviluppatori Web e multimediali;56
Dirigenti dell'industria manifatturiera;Dirigenti nel settore ricerca e sviluppo;83
Dirigenti dell'industria manifatturiera;Dirigenti nei servizi delle tecnologie dell'informazione e della comunicazione;80
Dirigenti dell'industria manifatturiera;Grafici e progettisti multimediali;52
Dirigenti dell'industria manifatturiera;Specialisti della pubblicitˆ e del marketing;61
Dirigenti dell'industria manifatturiera;Dirigenti nei servizi di approvvigionamento, distribuzione ed assimilati;94
Dirigenti dell'industria manifatturiera;Dirigenti nei servizi finanziari;72
Dirigenti dell'industria manifatturiera;Esattori di crediti ed assimilati;56
Dirigenti dell'industria manifatturiera;Dirigenti nei servizi sanitari;87
Dirigenti dell'industria manifatturiera;Specialisti nell'assistenza sociale e nell'orientamento;60
Dirigenti dell'industria manifatturiera;Tecnici dei centri di informazione;69
Dirigenti dell'industria manifatturiera;Aiuto contabili;61
Dirigenti dell'industria manifatturiera;Ingegneri elettronici;53
Dirigenti dell'industria manifatturiera;Addetti all'informazione;54
Dirigenti dell'industria manifatturiera;Contabili;75
Dirigenti dell'industria manifatturiera;Dirigenti nel commercio all'ingrosso e al dettaglio;89
Addetti alla gestione amministrativa dei trasporti;Tecnici per la gestione dell'informazione e della comunicazione;59
Addetti alla gestione amministrativa dei trasporti;Disegnatori industriali;48
Addetti alla gestione amministrativa dei trasporti;Chef;24
Addetti alla gestione amministrativa dei trasporti;Responsabili degli acquisti;65
Addetti alla gestione amministrativa dei trasporti;Tecnici per l'assistenza agli utenti della tecnologia dell'informazione e della comunicazione;47
Addetti alla gestione amministrativa dei trasporti;Sviluppatori Web e multimediali;40
Addetti alla gestione amministrativa dei trasporti;Dirigenti nel settore ricerca e sviluppo;42
Addetti alla gestione amministrativa dei trasporti;Dirigenti nei servizi delle tecnologie dell'informazione e della comunicazione;45
Addetti alla gestione amministrativa dei trasporti;Grafici e progettisti multimediali;39
Addetti alla gestione amministrativa dei trasporti;Specialisti della pubblicitˆ e del marketing;34
Addetti alla gestione amministrativa dei trasporti;Dirigenti nei servizi di approvvigionamento, distribuzione ed assimilati;49
Addetti alla gestione amministrativa dei trasporti;Dirigenti nei servizi finanziari;37
Addetti alla gestione amministrativa dei trasporti;Esattori di crediti ed assimilati;54
Addetti alla gestione amministrativa dei trasporti;Dirigenti nei servizi sanitari;51
Addetti alla gestione amministrativa dei trasporti;Specialisti nell'assistenza sociale e nell'orientamento;33
Addetti alla gestione amministrativa dei trasporti;Tecnici dei centri di informazione;57
Addetti alla gestione amministrativa dei trasporti;Aiuto contabili;53
Addetti alla gestione amministrativa dei trasporti;Ingegneri elettronici;36
Addetti alla gestione amministrativa dei trasporti;Addetti all'informazione;42
Addetti alla gestione amministrativa dei trasporti;Contabili;47
Addetti alla gestione amministrativa dei trasporti;Dirigenti nel commercio all'ingrosso e al dettaglio;51
Tecnici per la gestione dell'informazione e della comunicazione;Disegnatori industriali;65
Tecnici per la gestione dell'informazione e della comunicazione;Chef;42
Tecnici per la gestione dell'informazione e della comunicazione;Responsabili degli acquisti;77
Tecnici per la gestione dell'informazione e della comunicazione;Tecnici per l'assistenza agli utenti della tecnologia dell'informazione e della comunicazione;71
Tecnici per la gestione dell'informazione e della comunicazione;Sviluppatori Web e multimediali;67
Tecnici per la gestione dell'informazione e della comunicazione;Dirigenti nel settore ricerca e sviluppo;58
Tecnici per la gestione dell'informazione e della comunicazione;Dirigenti nei servizi delle tecnologie dell'informazione e della comunicazione;73
Tecnici per la gestione dell'informazione e della comunicazione;Grafici e progettisti multimediali;54
Tecnici per la gestione dell'informazione e della comunicazione;Specialisti della pubblicitˆ e del marketing;54
Tecnici per la gestione dell'informazione e della comunicazione;Dirigenti nei servizi di approvvigionamento, distribuzione ed assimilati;66
Tecnici per la gestione dell'informazione e della comunicazione;Dirigenti nei servizi finanziari;59
Tecnici per la gestione dell'informazione e della comunicazione;Esattori di crediti ed assimilati;52
Tecnici per la gestione dell'informazione e della comunicazione;Dirigenti nei servizi sanitari;68
Tecnici per la gestione dell'informazione e della comunicazione;Specialisti nell'assistenza sociale e nell'orientamento;55
Tecnici per la gestione dell'informazione e della comunicazione;Tecnici dei centri di informazione;70
Tecnici per la gestione dell'informazione e della comunicazione;Aiuto contabili;62
Tecnici per la gestione dell'informazione e della comunicazione;Ingegneri elettronici;52
Tecnici per la gestione dell'informazione e della comunicazione;Addetti all'informazione;52
Tecnici per la gestione dell'informazione e della comunicazione;Contabili;65
Tecnici per la gestione dell'informazione e della comunicazione;Dirigenti nel commercio all'ingrosso e al dettaglio;70
Disegnatori industriali;Chef;36
Disegnatori industriali;Responsabili degli acquisti;67
Disegnatori industriali;Tecnici per l'assistenza agli utenti della tecnologia dell'informazione e della comunicazione;59
Disegnatori industriali;Sviluppatori Web e multimediali;56
Disegnatori industriali;Dirigenti nel settore ricerca e sviluppo;60
Disegnatori industriali;Dirigenti nei servizi delle tecnologie dell'informazione e della comunicazione;55
Disegnatori industriali;Grafici e progettisti multimediali;53
Disegnatori industriali;Specialisti della pubblicitˆ e del marketing;46
Disegnatori industriali;Dirigenti nei servizi di approvvigionamento, distribuzione ed assimilati;59
Disegnatori industriali;Dirigenti nei servizi finanziari;47
Disegnatori industriali;Esattori di crediti ed assimilati;40
Disegnatori industriali;Dirigenti nei servizi sanitari;54
Disegnatori industriali;Specialisti nell'assistenza sociale e nell'orientamento;45
Disegnatori industriali;Tecnici dei centri di informazione;53
Disegnatori industriali;Aiuto contabili;45
Disegnatori industriali;Ingegneri elettronici;47
Disegnatori industriali;Addetti all'informazione;43
Disegnatori industriali;Contabili;53
Disegnatori industriali;Dirigenti nel commercio all'ingrosso e al dettaglio;56
Chef;Responsabili degli acquisti;42
Chef;Tecnici per l'assistenza agli utenti della tecnologia dell'informazione e della comunicazione;34
Chef;Sviluppatori Web e multimediali;37
Chef;Dirigenti nel settore ricerca e sviluppo;44
Chef;Dirigenti nei servizi delle tecnologie dell'informazione e della comunicazione;39
Chef;Grafici e progettisti multimediali;33
Chef;Specialisti della pubblicitˆ e del marketing;39
Chef;Dirigenti nei servizi di approvvigionamento, distribuzione ed assimilati;46
Chef;Dirigenti nei servizi finanziari;41
Chef;Esattori di crediti ed assimilati;26
Chef;Dirigenti nei servizi sanitari;45
Chef;Specialisti nell'assistenza sociale e nell'orientamento;39
Chef;Tecnici dei centri di informazione;35
Chef;Aiuto contabili;32
Chef;Ingegneri elettronici;30
Chef;Addetti all'informazione;29
Chef;Contabili;38
Chef;Dirigenti nel commercio all'ingrosso e al dettaglio;47
Responsabili degli acquisti;Tecnici per l'assistenza agli utenti della tecnologia dell'informazione e della comunicazione;61
Responsabili degli acquisti;Sviluppatori Web e multimediali;60
Responsabili degli acquisti;Dirigenti nel settore ricerca e sviluppo;74
Responsabili degli acquisti;Dirigenti nei servizi delle tecnologie dell'informazione e della comunicazione;76
Responsabili degli acquisti;Grafici e progettisti multimediali;50
Responsabili degli acquisti;Specialisti della pubblicitˆ e del marketing;73
Responsabili degli acquisti;Dirigenti nei servizi di approvvigionamento, distribuzione ed assimilati;86
Responsabili degli acquisti;Dirigenti nei servizi finanziari;72
Responsabili degli acquisti;Esattori di crediti ed assimilati;63
Responsabili degli acquisti;Dirigenti nei servizi sanitari;68
Responsabili degli acquisti;Specialisti nell'assistenza sociale e nell'orientamento;58
Responsabili degli acquisti;Tecnici dei centri di informazione;71
Responsabili degli acquisti;Aiuto contabili;71
Responsabili degli acquisti;Ingegneri elettronici;48
Responsabili degli acquisti;Addetti all'informazione;59
Responsabili degli acquisti;Contabili;82
Responsabili degli acquisti;Dirigenti nel commercio all'ingrosso e al dettaglio;95
Tecnici per l'assistenza agli utenti della tecnologia dell'informazione e della comunicazione;Sviluppatori Web e multimediali;69
Tecnici per l'assistenza agli utenti della tecnologia dell'informazione e della comunicazione;Dirigenti nel settore ricerca e sviluppo;53
Tecnici per l'assistenza agli utenti della tecnologia dell'informazione e della comunicazione;Dirigenti nei servizi delle tecnologie dell'informazione e della comunicazione;63
Tecnici per l'assistenza agli utenti della tecnologia dell'informazione e della comunicazione;Grafici e progettisti multimediali;44
Tecnici per l'assistenza agli utenti della tecnologia dell'informazione e della comunicazione;Specialisti della pubblicitˆ e del marketing;48
Tecnici per l'assistenza agli utenti della tecnologia dell'informazione e della comunicazione;Dirigenti nei servizi di approvvigionamento, distribuzione ed assimilati;57
Tecnici per l'assistenza agli utenti della tecnologia dell'informazione e della comunicazione;Dirigenti nei servizi finanziari;45
Tecnici per l'assistenza agli utenti della tecnologia dell'informazione e della comunicazione;Esattori di crediti ed assimilati;36
Tecnici per l'assistenza agli utenti della tecnologia dell'informazione e della comunicazione;Dirigenti nei servizi sanitari;51
Tecnici per l'assistenza agli utenti della tecnologia dell'informazione e della comunicazione;Specialisti nell'assistenza sociale e nell'orientamento;42
Tecnici per l'assistenza agli utenti della tecnologia dell'informazione e della comunicazione;Tecnici dei centri di informazione;52
Tecnici per l'assistenza agli utenti della tecnologia dell'informazione e della comunicazione;Aiuto contabili;46
Tecnici per l'assistenza agli utenti della tecnologia dell'informazione e della comunicazione;Ingegneri elettronici;45
Tecnici per l'assistenza agli utenti della tecnologia dell'informazione e della comunicazione;Addetti all'informazione;44
Tecnici per l'assistenza agli utenti della tecnologia dell'informazione e della comunicazione;Contabili;55
Tecnici per l'assistenza agli utenti della tecnologia dell'informazione e della comunicazione;Dirigenti nel commercio all'ingrosso e al dettaglio;59
Sviluppatori Web e multimediali;Dirigenti nel settore ricerca e sviluppo;59
Sviluppatori Web e multimediali;Dirigenti nei servizi delle tecnologie dell'informazione e della comunicazione;74
Sviluppatori Web e multimediali;Grafici e progettisti multimediali;61
Sviluppatori Web e multimediali;Specialisti della pubblicitˆ e del marketing;57
Sviluppatori Web e multimediali;Dirigenti nei servizi di approvvigionamento, distribuzione ed assimilati;58
Sviluppatori Web e multimediali;Dirigenti nei servizi finanziari;46
Sviluppatori Web e multimediali;Esattori di crediti ed assimilati;42
Sviluppatori Web e multimediali;Dirigenti nei servizi sanitari;50
Sviluppatori Web e multimediali;Specialisti nell'assistenza sociale e nell'orientamento;45
Sviluppatori Web e multimediali;Tecnici dei centri di informazione;52
Sviluppatori Web e multimediali;Aiuto contabili;40
Sviluppatori Web e multimediali;Ingegneri elettronici;50
Sviluppatori Web e multimediali;Addetti all'informazione;41
Sviluppatori Web e multimediali;Contabili;58
Sviluppatori Web e multimediali;Dirigenti nel commercio all'ingrosso e al dettaglio;63
Dirigenti nel settore ricerca e sviluppo;Dirigenti nei servizi delle tecnologie dell'informazione e della comunicazione;83
Dirigenti nel settore ricerca e sviluppo;Grafici e progettisti multimediali;55
Dirigenti nel settore ricerca e sviluppo;Specialisti della pubblicitˆ e del marketing;66
Dirigenti nel settore ricerca e sviluppo;Dirigenti nei servizi di approvvigionamento, distribuzione ed assimilati;88
Dirigenti nel settore ricerca e sviluppo;Dirigenti nei servizi finanziari;76
Dirigenti nel settore ricerca e sviluppo;Esattori di crediti ed assimilati;43
Dirigenti nel settore ricerca e sviluppo;Dirigenti nei servizi sanitari;71
Dirigenti nel settore ricerca e sviluppo;Specialisti nell'assistenza sociale e nell'orientamento;60
Dirigenti nel settore ricerca e sviluppo;Tecnici dei centri di informazione;53
Dirigenti nel settore ricerca e sviluppo;Aiuto contabili;47
Dirigenti nel settore ricerca e sviluppo;Ingegneri elettronici;48
Dirigenti nel settore ricerca e sviluppo;Addetti all'informazione;48
Dirigenti nel settore ricerca e sviluppo;Contabili;73
Dirigenti nel settore ricerca e sviluppo;Dirigenti nel commercio all'ingrosso e al dettaglio;91
Dirigenti nei servizi delle tecnologie dell'informazione e della comunicazione;Grafici e progettisti multimediali;57
Dirigenti nei servizi delle tecnologie dell'informazione e della comunicazione;Specialisti della pubblicitˆ e del marketing;62
Dirigenti nei servizi delle tecnologie dell'informazione e della comunicazione;Dirigenti nei servizi di approvvigionamento, distribuzione ed assimilati;84
Dirigenti nei servizi delle tecnologie dell'informazione e della comunicazione;Dirigenti nei servizi finanziari;69
Dirigenti nei servizi delle tecnologie dell'informazione e della comunicazione;Esattori di crediti ed assimilati;45
Dirigenti nei servizi delle tecnologie dell'informazione e della comunicazione;Dirigenti nei servizi sanitari;66
Dirigenti nei servizi delle tecnologie dell'informazione e della comunicazione;Specialisti nell'assistenza sociale e nell'orientamento;57
Dirigenti nei servizi delle tecnologie dell'informazione e della comunicazione;Tecnici dei centri di informazione;59
Dirigenti nei servizi delle tecnologie dell'informazione e della comunicazione;Aiuto contabili;49
Dirigenti nei servizi delle tecnologie dell'informazione e della comunicazione;Ingegneri elettronici;49
Dirigenti nei servizi delle tecnologie dell'informazione e della comunicazione;Addetti all'informazione;52
Dirigenti nei servizi delle tecnologie dell'informazione e della comunicazione;Contabili;76
Dirigenti nei servizi delle tecnologie dell'informazione e della comunicazione;Dirigenti nel commercio all'ingrosso e al dettaglio;85
Grafici e progettisti multimediali;Specialisti della pubblicitˆ e del marketing;48
Grafici e progettisti multimediali;Dirigenti nei servizi di approvvigionamento, distribuzione ed assimilati;53
Grafici e progettisti multimediali;Dirigenti nei servizi finanziari;47
Grafici e progettisti multimediali;Esattori di crediti ed assimilati;37
Grafici e progettisti multimediali;Dirigenti nei servizi sanitari;48
Grafici e progettisti multimediali;Specialisti nell'assistenza sociale e nell'orientamento;46
Grafici e progettisti multimediali;Tecnici dei centri di informazione;46
Grafici e progettisti multimediali;Aiuto contabili;34
Grafici e progettisti multimediali;Ingegneri elettronici;49
Grafici e progettisti multimediali;Addetti all'informazione;41
Grafici e progettisti multimediali;Contabili;54
Grafici e progettisti multimediali;Dirigenti nel commercio all'ingrosso e al dettaglio;57
Specialisti della pubblicitˆ e del marketing;Dirigenti nei servizi di approvvigionamento, distribuzione ed assimilati;69
Specialisti della pubblicitˆ e del marketing;Dirigenti nei servizi finanziari;66
Specialisti della pubblicitˆ e del marketing;Esattori di crediti ed assimilati;40
Specialisti della pubblicitˆ e del marketing;Dirigenti nei servizi sanitari;53
Specialisti della pubblicitˆ e del marketing;Specialisti nell'assistenza sociale e nell'orientamento;51
Specialisti della pubblicitˆ e del marketing;Tecnici dei centri di informazione;54
Specialisti della pubblicitˆ e del marketing;Aiuto contabili;45
Specialisti della pubblicitˆ e del marketing;Ingegneri elettronici;37
Specialisti della pubblicitˆ e del marketing;Addetti all'informazione;43
Specialisti della pubblicitˆ e del marketing;Contabili;74
Specialisti della pubblicitˆ e del marketing;Dirigenti nel commercio all'ingrosso e al dettaglio;88
Dirigenti nei servizi di approvvigionamento, distribuzione ed assimilati;Dirigenti nei servizi finanziari;80
Dirigenti nei servizi di approvvigionamento, distribuzione ed assimilati;Esattori di crediti ed assimilati;51
Dirigenti nei servizi di approvvigionamento, distribuzione ed assimilati;Dirigenti nei servizi sanitari;76
Dirigenti nei servizi di approvvigionamento, distribuzione ed assimilati;Specialisti nell'assistenza sociale e nell'orientamento;62
Dirigenti nei servizi di approvvigionamento, distribuzione ed assimilati;Tecnici dei centri di informazione;60
Dirigenti nei servizi di approvvigionamento, distribuzione ed assimilati;Aiuto contabili;60
Dirigenti nei servizi di approvvigionamento, distribuzione ed assimilati;Ingegneri elettronici;44
Dirigenti nei servizi di approvvigionamento, distribuzione ed assimilati;Addetti all'informazione;52
Dirigenti nei servizi di approvvigionamento, distribuzione ed assimilati;Contabili;81
Dirigenti nei servizi di approvvigionamento, distribuzione ed assimilati;Dirigenti nel commercio all'ingrosso e al dettaglio;94
Dirigenti nei servizi finanziari;Esattori di crediti ed assimilati;47
Dirigenti nei servizi finanziari;Dirigenti nei servizi sanitari;64
Dirigenti nei servizi finanziari;Specialisti nell'assistenza sociale e nell'orientamento;52
Dirigenti nei servizi finanziari;Tecnici dei centri di informazione;51
Dirigenti nei servizi finanziari;Aiuto contabili;54
Dirigenti nei servizi finanziari;Ingegneri elettronici;42
Dirigenti nei servizi finanziari;Addetti all'informazione;38
Dirigenti nei servizi finanziari;Contabili;83
Dirigenti nei servizi finanziari;Dirigenti nel commercio all'ingrosso e al dettaglio;89
Esattori di crediti ed assimilati;Dirigenti nei servizi sanitari;52
Esattori di crediti ed assimilati;Specialisti nell'assistenza sociale e nell'orientamento;42
Esattori di crediti ed assimilati;Tecnici dei centri di informazione;63
Esattori di crediti ed assimilati;Aiuto contabili;59
Esattori di crediti ed assimilati;Ingegneri elettronici;36
Esattori di crediti ed assimilati;Addetti all'informazione;48
Esattori di crediti ed assimilati;Contabili;55
Esattori di crediti ed assimilati;Dirigenti nel commercio all'ingrosso e al dettaglio;62
Dirigenti nei servizi sanitari;Specialisti nell'assistenza sociale e nell'orientamento;57
Dirigenti nei servizi sanitari;Tecnici dei centri di informazione;71
Dirigenti nei servizi sanitari;Aiuto contabili;56
Dirigenti nei servizi sanitari;Ingegneri elettronici;50
Dirigenti nei servizi sanitari;Addetti all'informazione;48
Dirigenti nei servizi sanitari;Contabili;66
Dirigenti nei servizi sanitari;Dirigenti nel commercio all'ingrosso e al dettaglio;84
Specialisti nell'assistenza sociale e nell'orientamento;Tecnici dei centri di informazione;50
Specialisti nell'assistenza sociale e nell'orientamento;Aiuto contabili;44
Specialisti nell'assistenza sociale e nell'orientamento;Ingegneri elettronici;38
Specialisti nell'assistenza sociale e nell'orientamento;Addetti all'informazione;47
Specialisti nell'assistenza sociale e nell'orientamento;Contabili;52
Specialisti nell'assistenza sociale e nell'orientamento;Dirigenti nel commercio all'ingrosso e al dettaglio;61
Tecnici dei centri di informazione;Aiuto contabili;61
Tecnici dei centri di informazione;Ingegneri elettronici;44
Tecnici dei centri di informazione;Addetti all'informazione;63
Tecnici dei centri di informazione;Contabili;58
Tecnici dei centri di informazione;Dirigenti nel commercio all'ingrosso e al dettaglio;73
Aiuto contabili;Ingegneri elettronici;30
Aiuto contabili;Addetti all'informazione;51
Aiuto contabili;Contabili;63
Aiuto contabili;Dirigenti nel commercio all'ingrosso e al dettaglio;64
Ingegneri elettronici;Addetti all'informazione;33
Ingegneri elettronici;Contabili;46
Ingegneri elettronici;Dirigenti nel commercio all'ingrosso e al dettaglio;48
Addetti all'informazione;Contabili;45
Addetti all'informazione;Dirigenti nel commercio all'ingrosso e al dettaglio;55
Contabili;Dirigenti nel commercio all'ingrosso e al dettaglio;90